name,price,url
Подвесной светильник Ферум Orange,4990,https://www.divan.ru/product/podvesnoj-svetilnik-ferum-orange
Светильник потолочный Ринга Black,3990,https://www.divan.ru/product/svetilnik-potolochnyj-ringa-black
Торшер Бьйорк White,8990,https://www.divan.ru/product/torsher-bjork-white
Подвесной светильник Тубули-5 Wood,12 490,https://www.divan.ru/product/podvesnoj-svetilnik-tubuli-5-wood
Бра Смастен White,3690,https://www.divan.ru/product/bra-smasten-white
Настольная лампа Арвика Wood,5690,https://www.divan.ru/product/nastolnaya-lampa-arvika-wood
Подвесной светильник Инлада Wood,9490,https://www.divan.ru/product/podvesnoj-svetilnik-inlada-wood
Настольная лампа Алней Orange,3990,https://www.divan.ru/product/nastolnaya-lampa-alnej-orange
Подвесной светильник Намсен Black,10 490,https://www.divan.ru/product/podvesnoj-svetilnik-namsen-black
Люстра Ливсден Brown,18 990,https://www.divan.ru/product/lyustra-livsden-brown
Торшер Логмар Silver,17 990,https://www.divan.ru/product/torsher-logmar-silver
Подвесной светильник Гронтри-1 Wood,13 290,https://www.divan.ru/product/podvesnoj-svetilnik-grontri-1-wood
Бра Бракетт White,4290,https://www.divan.ru/product/bra-brakett-white
Подвесной светильник Отра Wood,16 490,https://www.divan.ru/product/podvesnoj-svetilnik-otra-wood
Подвесной светильник Кронор Orange,7690,https://www.divan.ru/product/podvesnoj-svetilnik-kronor-orange
Светильник потолочный Орхус White,15 990,https://www.divan.ru/product/svetilnik-potolochnyj-orhus-white
Подвесной светильник Рена Green,3690,https://www.divan.ru/product/podvesnoj-svetilnik-rena-green
Светильник потолочный Ринга White,3990,https://www.divan.ru/product/svetilnik-potolochnyj-ringa-white
Бра Берит Black,4990,https://www.divan.ru/product/bra-berit-black
Подвесной светильник Кронор Black,7490,https://www.divan.ru/product/podvesnoj-svetilnik-kronor-black
Настольная лампа Бьйорк White,3290,https://www.divan.ru/product/nastolnaya-lampa-bjork-white
Подвесной светильник Селау-2 Glass,3690,https://www.divan.ru/product/podvesnoj-svetilnik-selau-2-glass
Подвесной светильник Джамби Rattan,13 690,https://www.divan.ru/product/podvesnoj-svetilnik-djambi-rattan
Бра Пинна Black,5990,https://www.divan.ru/product/bra-pinna-black
Подвесной светильник Бьйорк White,7990,https://www.divan.ru/product/podvesnoj-svetilnik-bjork-white
Торшер Осло Blue,17 990,https://www.divan.ru/product/torsher-oslo-blue
Торшер Логмар Black,17 990,https://www.divan.ru/product/torsher-logmar-black
Бра Бьйорк White,2490,https://www.divan.ru/product/bra-bjork-white
Подвесной светильник Арвика Wood,7690,https://www.divan.ru/product/podvesnoj-svetilnik-arvika-wood
Подвесной светильник Бенфлит Black,6490,https://www.divan.ru/product/podvesnoj-svetilnik-benflit-black
Светильник потолочный Орхус Black,15 990,https://www.divan.ru/product/svetilnik-potolochnyj-orhus-black
Настольная лампа Требен Orange,2990,https://www.divan.ru/product/nastolnaya-lampa-treben-orange
Настольная лампа Сканди White,4690,https://www.divan.ru/product/nastolnaya-lampa-skandi-white
Подвесной светильник Ливсден Brown,4690,https://www.divan.ru/product/podvesnoj-svetilnik-livsden-brown
Подвесной светильник Бейла Black,5990,https://www.divan.ru/product/podvesnoj-svetilnik-bejla-black
Светильник потолочный Лаго White,10 290,https://www.divan.ru/product/svetilnik-potolochnyj-lago-white
Подвесной светильник Чинкве Silver,5290,https://www.divan.ru/product/podvesnoj-svetilnik-chinkve-silver
Торшер Энкель Black,5290,https://www.divan.ru/product/torsher-enkel-black
Люстра Малинг Multi,16 990,https://www.divan.ru/product/lyustra-maling-multi
Подвесной светильник Джамби-1 Rattan,9690,https://www.divan.ru/product/podvesnoj-svetilnik-djambi-1-rattan
Подвесной светильник Селау-1 Glass,3990,https://www.divan.ru/product/podvesnoj-svetilnik-selau-1-glass
Подвесной светильник Ферум Black,2990,https://www.divan.ru/product/podvesnoj-svetilnik-ferum-black
Бра Смастен Black,3690,https://www.divan.ru/product/bra-smasten-black
Подвесной светильник Кронор White,7490,https://www.divan.ru/product/podvesnoj-svetilnik-kronor-white
Подвесной светильник Тубули Wood,2690,https://www.divan.ru/product/podvesnoj-svetilnik-tubuli-wood
Настольная лампа Требен White,2990,https://www.divan.ru/product/nastolnaya-lampa-treben-white
Подвесной светильник Ферум Grey,2490,https://www.divan.ru/product/podvesnoj-svetilnik-ferum-grey
Подвесной светильник Квина Black,6490,https://www.divan.ru/product/podvesnoj-svetilnik-kvina-black
Подвесной светильник Бейла White,5490,https://www.divan.ru/product/podvesnoj-svetilnik-bejla-white
Подвесной светильник Гронтри Wood,10 690,https://www.divan.ru/product/podvesnoj-svetilnik-grontri-wood
Подвесной светильник Скара Wood,2990,https://www.divan.ru/product/podvesnoj-svetilnik-skara-wood
Настольная лампа Гросс White,4690,https://www.divan.ru/product/nastolnaya-lampa-gross-white
Подвесной светильник Чинкве Gold,5290,https://www.divan.ru/product/podvesnoj-svetilnik-chinkve-gold
Подвесной светильник Гронтри-2 Wood,13 290,https://www.divan.ru/product/podvesnoj-svetilnik-grontri-2-wood
Подвесной светильник Фюн White,3690,https://www.divan.ru/product/podvesnoj-svetilnik-fyun-white
Подвесной светильник Рена White,3690,https://www.divan.ru/product/podvesnoj-svetilnik-rena-white
Подвесной светильник Исбит Transparent,7290,https://www.divan.ru/product/podvesnoj-svetilnik-isbit-transparent
Торшер Осло Black,16 990,https://www.divan.ru/product/torsher-oslo-black
Настольная лампа Астри Beige,990,https://www.divan.ru/product/nastolnaya-lampa-astri-beige
Бра Бракетт Black,3990,https://www.divan.ru/product/bra-brakett-black
Подвесной светильник Малинг Black,5990,https://www.divan.ru/product/podvesnoj-svetilnik-maling-black
Настольная лампа Машрум Pink,3990,https://www.divan.ru/product/nastolnaya-lampa-mashrum-pink
Подвесной светильник Клауд White,9990,https://www.divan.ru/product/podvesnoj-svetilnik-klaud-white
Настольная лампа Спайк Pink,990,https://www.divan.ru/product/nastolnaya-lampa-spajk-pink
Люстра Боллар White,22 990,https://www.divan.ru/product/lyustra-bollar-white
Настольная лампа Истад Black,1690,https://www.divan.ru/product/nastolnaya-lampa-istad-black
Настольная лампа Леррет Beige,3990,https://www.divan.ru/product/nastolnaya-lampa-lerret-beige
Настольная лампа Синдри Grey,3990,https://www.divan.ru/product/nastolnaya-lampa-sindri-grey
Торшер Алней Beige,7990,https://www.divan.ru/product/torsher-alnej-beige
Настольная лампа Манэт White,2290,https://www.divan.ru/product/nastolnaya-lampa-manet-white
Подвесной светильник Портланд Black,3590,https://www.divan.ru/product/podvesnoj-svetilnik-portland-black
Бра Берит Orange,4990,https://www.divan.ru/product/bra-berit-orange
Настольная лампа Леррет White,1990,https://www.divan.ru/product/nastolnaya-lampa-lerret-white
Люстра Синдри Black,12 990,https://www.divan.ru/product/lyustra-sindri-black
Настольная лампа Арбет Silver,2490,https://www.divan.ru/product/nastolnaya-lampa-arbet-silver
Настольная лампа Гейза Blue,1990,https://www.divan.ru/product/nastolnaya-lampa-gejza-blue
Люстра Гейза Black,8990,https://www.divan.ru/product/lyustra-gejza-black
Торшер Флиммер Black,4990,https://www.divan.ru/product/torsher-flimmer-black
Настольная лампа Ливсден Brown,7990,https://www.divan.ru/product/nastolnaya-lampa-livsden-brown
Настольная лампа Спайк White,990,https://www.divan.ru/product/nastolnaya-lampa-spajk-white
Подвесной светильник Кэндел Black,3990,https://www.divan.ru/product/podvesnoj-svetilnik-kendel-black
Подвесной светильник Сансет White,4990,https://www.divan.ru/product/podvesnoj-svetilnik-sanset-white
Торшер Осло White,16 990,https://www.divan.ru/product/torsher-oslo-white
Подвесной светильник Малинг Orange,6690,https://www.divan.ru/product/podvesnoj-svetilnik-maling-orange
Настольная лампа Рибе Black,1990,https://www.divan.ru/product/nastolnaya-lampa-ribe-black
Настольная лампа Снибальд White,590,https://www.divan.ru/product/nastolnaya-lampa-snibald-white
Подвесной светильник Сансет Black,5990,https://www.divan.ru/product/podvesnoj-svetilnik-sanset-black
Настольная лампа Арбет White,1890,https://www.divan.ru/product/nastolnaya-lampa-arbet-white
Торшер Алней Black,7990,https://www.divan.ru/product/torsher-alnej-black
Настольная лампа Гейза Orange,1990,https://www.divan.ru/product/nastolnaya-lampa-gejza-orange
Бра Флиммер Black,1690,https://www.divan.ru/product/bra-flimmer-black
Настольная лампа Гейза Pink,1990,https://www.divan.ru/product/nastolnaya-lampa-gejza-pink
Настольная лампа Арбет Orange,1890,https://www.divan.ru/product/nastolnaya-lampa-arbet-orange
Подвесной светильник Малинг Olive,6690,https://www.divan.ru/product/podvesnoj-svetilnik-maling-olive
Подвесной светильник Бабл-9,20 990,https://www.divan.ru/product/podvesnoj-svetilnik-babl-9
Люстра Флиммер Black,6990,https://www.divan.ru/product/lyustra-flimmer-black
Настольная лампа Арбет Beige,1890,https://www.divan.ru/product/nastolnaya-lampa-arbet-beige
Подвесной светильник Флиммер Black,1890,https://www.divan.ru/product/podvesnoj-svetilnik-flimmer-black
Настольная лампа Арбет Black,1890,https://www.divan.ru/product/nastolnaya-lampa-arbet-black
Настольная лампа Флиммер Black,2990,https://www.divan.ru/product/nastolnaya-lampa-flimmer-black
Настольная лампа Истад White,1490,https://www.divan.ru/product/nastolnaya-lampa-istad-white
Настольная лампа Астри Black,990,https://www.divan.ru/product/nastolnaya-lampa-astri-black
Настольная лампа Дэнди White,4290,https://www.divan.ru/product/nastolnaya-lampa-dendi-white
Торшер Бабл-1,8690,https://www.divan.ru/product/torsher-babl-1
Бра Бабл Black,2290,https://www.divan.ru/product/bra-babl-black
Настольная лампа Дэнди Black,4290,https://www.divan.ru/product/nastolnaya-lampa-dendi-black
Торшер Варио White,6990,https://www.divan.ru/product/torsher-vario-white
Бра Варио Black,990,https://www.divan.ru/product/bra-vario-black
Подвесной светильник Кэндел White,3990,https://www.divan.ru/product/podvesnoj-svetilnik-kendel-white
Торшер Мун Black,8990,https://www.divan.ru/product/torsher-mun-black
Бра Варио White,990,https://www.divan.ru/product/bra-vario-white
Бра Moderli Alina,2790,https://www.divan.ru/product/bra-moderli-alina
Бра Galdakao-1,6590,https://www.divan.ru/product/bra-galdakao
Торшер Билли White,19 690,https://www.divan.ru/product/torsher-billi-white
Подвесной светильник Ори Gold,3090,https://www.divan.ru/product/podvesnoj-svetilnik-ori-gold
Бра Bolla-Unica,5290,https://www.divan.ru/product/bra-bolla-unica
Подвесной светильник Онтарио Olive,10 490,https://www.divan.ru/product/podvesnoj-svetilnik-ontario-olive
Подвесной светильник Онтарио Brown,12 390,https://www.divan.ru/product/podvesnoj-svetilnik-ontario-brown
Настольная лампа Moderli Suspent,4090,https://www.divan.ru/product/nastolnaya-lampa-moderli-suspent
Подвесной светильник Онтарио Gray,12 390,https://www.divan.ru/product/podvesnoj-svetilnik-ontario-gray
Подвесной светильник Narices-1,30 290,https://www.divan.ru/product/podvesnoj-svetilnik-narices-1
Подвесной светильник Селф Gold,4390,https://www.divan.ru/product/podvesnoj-svetilnik-self-gold
Подвесной светильник Кая Black,2890,https://www.divan.ru/product/podvesnoj-svetilnik-kaya-black
Подвесной светильник Эйр White,6290,https://www.divan.ru/product/podvesnoj-svetilnik-ejr-white
Подвесной светильник Селф White,4090,https://www.divan.ru/product/podvesnoj-svetilnik-self-white
Подвесной светильник Moderli Lewes,14 690,https://www.divan.ru/product/podvesnoj-svetilnik-moderli-lewes
Бра Cornus White,5290,https://www.divan.ru/product/bra-cornus-white
Подвесной светильник Клэри Brown,9490,https://www.divan.ru/product/podvesnoj-svetilnik-kleri-brown
Подвесной светильник Вэлли Gray,6490,https://www.divan.ru/product/podvesnoj-svetilnik-velli-gray
Бра Равелло Black,5890,https://www.divan.ru/product/bra-ravello-black
Подвесной светильник Талли Black,7490,https://www.divan.ru/product/podvesnoj-svetilnik-talli-black
Спот Лайт-1 White,2890,https://www.divan.ru/product/spot-lajt-1-white
Подвесной светильник Вэлли Olive,6490,https://www.divan.ru/product/podvesnoj-svetilnik-velli-olive
Бра Nevy Silver,8690,https://www.divan.ru/product/bra-nevy-silver
Подвесной светильник Агато Black,9490,https://www.divan.ru/product/podvesnoj-svetilnik-agato-black
Подвесной светильник Priddy,9890,https://www.divan.ru/product/podvesnoj-svetilnik-priddy
Настольная лампа Омаха White,8790,https://www.divan.ru/product/nastolnaya-lampa-omaha-white
Подвесной светильник Агато Brown,9490,https://www.divan.ru/product/podvesnoj-svetilnik-agato-brown
Подвесной светильник Ридж Grey,3490,https://www.divan.ru/product/podvesnoj-svetilnik-ridj-grey
Подвесной светильник Moderli Host-1,4290,https://www.divan.ru/product/podvesnoj-svetilnik-moderli-host-1
Подвесной светильник Ори White,2990,https://www.divan.ru/product/podvesnoj-svetilnik-ori-white
Люстра Джеоми White,13 890,https://www.divan.ru/product/lyustra-djeomi-white
Подвесной светильник Селф Gray,3990,https://www.divan.ru/product/podvesnoj-svetilnik-self-gray
Подвесной светильник Ринна White,5590,https://www.divan.ru/product/podvesnoj-svetilnik-rinna-white
Подвесной светильник Ридж White,3290,https://www.divan.ru/product/podvesnoj-svetilnik-ridj-white
Бра Брик Black,4190,https://www.divan.ru/product/bra-brik-black
Бра Твинки Grey,3690,https://www.divan.ru/product/bra-tvinki-grey
Настольная лампа Шоу Black,6990,https://www.divan.ru/product/nastolnaya-lampa-shou-black
Подвесной светильник Мантис Olive,17 990,https://www.divan.ru/product/podvesnoj-svetilnik-mantis-olive
Торшер Омаха White,9790,https://www.divan.ru/product/torsher-omaha-white
Подвесной светильник Онтарио Black,10 490,https://www.divan.ru/product/podvesnoj-svetilnik-ontario-black
Подвесной светильник Пескара Yellow,5190,https://www.divan.ru/product/podvesnoj-svetilnik-peskara-yellow
Подвесной светильник Фиона Gray,3090,https://www.divan.ru/product/podvesnoj-svetilnik-fiona-gray
Подвесной светильник Эйр Beige,5990,https://www.divan.ru/product/podvesnoj-svetilnik-ejr-beige
Подвесной светильник Клэри BLack,9490,https://www.divan.ru/product/podvesnoj-svetilnik-kleri-black
Подвесной светильник Альта Gold,4290,https://www.divan.ru/product/podvesnoj-svetilnik-alta-gold
Подвесной светильник Мантис Black,17 990,https://www.divan.ru/product/podvesnoj-svetilnik-mantis-black
Подвесной светильник Плейн White,10 990,https://www.divan.ru/product/podvesnoj-svetilnik-plejn-white
Подвесной светильник Лечче Mint,4590,https://www.divan.ru/product/podvesnoj-svetilnik-lechche-mint
Подвесной светильник Фиона White,2990,https://www.divan.ru/product/podvesnoj-svetilnik-fiona-white
Подвесной светильник Ринна Black,5290,https://www.divan.ru/product/podvesnoj-svetilnik-rinna-black
Подвесной светильник Альта White,3990,https://www.divan.ru/product/podvesnoj-svetilnik-alta-white
Подвесной светильник Мантис Brown,17 990,https://www.divan.ru/product/podvesnoj-svetilnik-mantis-brown
Подвесной светильник Лечче Black,4990,https://www.divan.ru/product/podvesnoj-svetilnik-lechche-black
Торшер Флинт-1 White,15 990,https://www.divan.ru/product/torsher-flint-1-white
Подвесной светильник Ньютаун-1 Black,11 490,https://www.divan.ru/product/podvesnoj-svetilnik-nyutaun-1-black
Торшер Pinocchio,16 090,https://www.divan.ru/product/torsher-pinocchio
Подвесной светильник Полярик Silver,5590,https://www.divan.ru/product/podvesnoj-svetilnik-polyarik-silver
Люстра Монти-5 White,17 190,https://www.divan.ru/product/lyustra-monti-5-white
Торшер Портланд Black,7290,https://www.divan.ru/product/torsher-portland-black
Торшер Луни Black,16 490,https://www.divan.ru/product/torsher-luni-black
Торшер Раффи Round,11 990,https://www.divan.ru/product/torsher-raffi-round
Торшер Рэй Black,5290,https://www.divan.ru/product/torsher-rej-black
Торшер Вена Beige,11 990,https://www.divan.ru/product/torsher-vena-beige
Настольная лампа Спайк Green,990,https://www.divan.ru/product/nastolnaya-lampa-spajk-green
Торшер Гросс White,7990,https://www.divan.ru/product/torsher-gross-white
Торшер Алней Orange,7990,https://www.divan.ru/product/torsher-alnej-orange
Настольная лампа Рэй Black,3590,https://www.divan.ru/product/nastolnaya-lampa-rej-black
Торшер Отто Black,7990,https://www.divan.ru/product/torsher-otto-black
Настольная лампа Алней Beige,3990,https://www.divan.ru/product/nastolnaya-lampa-alnej-beige
Настольная лампа Нидлс Raffia Beige,4990,https://www.divan.ru/product/nastolnaya-lampa-nidls-raffia-beige
Настольная лампа Отто Black,4790,https://www.divan.ru/product/nastolnaya-lampa-otto-black
Подвесной светильник Лума Gold,4990,https://www.divan.ru/product/podvesnoj-svetilnik-luma-gold
Подвесной светильник Дроп Beige,3490,https://www.divan.ru/product/podvesnoj-svetilnik-drop-beige
Подвесной светильник Дроп Black,2790,https://www.divan.ru/product/podvesnoj-svetilnik-drop-black
Подвесной светильник Лума Black,4090,https://www.divan.ru/product/podvesnoj-svetilnik-luma-black
Подвесной светильник Лума White,4190,https://www.divan.ru/product/podvesnoj-svetilnik-luma-white
Настольная лампа Сфера Black,5390,https://www.divan.ru/product/nastolnaya-lampa-sfera-black
Подвесной светильник Пескара Green,5090,https://www.divan.ru/product/podvesnoj-svetilnik-peskara-green
Торшер Moderli Floor White,7990,https://www.divan.ru/product/torsher-moderli-floor-white
Настольная лампа Флейк White,7990,https://www.divan.ru/product/nastolnaya-lampa-flejk-white
Подвесной светильник Флейк White,6990,https://www.divan.ru/product/podvesnoj-svetilnik-flejk-white
Торшер Грено Black,11 990,https://www.divan.ru/product/torsher-greno-black
Настольная лампа Раффи Round,6990,https://www.divan.ru/product/nastolnaya-lampa-raffi-round
Настольная лампа Гровер Glass,6490,https://www.divan.ru/product/nastolnaya-lampa-grover-glass
Подвесной светильник Плейн Black,11 990,https://www.divan.ru/product/podvesnoj-svetilnik-plejn-black
Торшер Вена Black,11 990,https://www.divan.ru/product/torsher-vena-black
Настольная лампа Сфера Orange,5390,https://www.divan.ru/product/nastolnaya-lampa-sfera-orange
Настольная лампа Спайк Orange,990,https://www.divan.ru/product/nastolnaya-lampa-spajk-orange
Подвесной светильник Бабл Quartz,11 490,https://www.divan.ru/product/podvesnoj-svetilnik-babl-quartz
Подвесной светильник Лечче Rose,5090,https://www.divan.ru/product/podvesnoj-svetilnik-lechche-rose
Подвесной светильник Рэн Beige,8990,https://www.divan.ru/product/podvesnoj-svetilnik-ren-beige
Настольная лампа Флинт White,7190,https://www.divan.ru/product/torsher-flint-white
Подвесной светильник Рэн Gold,7990,https://www.divan.ru/product/podvesnoj-svetilnik-ren-gold
Торшер Флейк White,13 190,https://www.divan.ru/product/torsher-flejk-white
